iteration,step,mean_reward,top1_reward,top5_mean_reward,policy_loss,kl_loss,ratio_mean
1,1,6.5105,8.005,7.0702,0.6262874603271484,11.587963104248047,2.145617961883545
