iteration,mean_reward,top1_reward,top5_mean_reward,policy_loss,kl_loss,ratio_mean
1,6.708875,7.844,7.2156,0.5191149711608887,51.38344955444336,10.122274398803711
