epoch,valid_sequences,mean_reward,policy_loss,kl_loss
1,16,6.643750000000001,0.10196100920438766,0.37634843587875366
2,16,6.8784374999999995,0.021543383598327637,0.0411091223359108
